<?xml version="1.0" encoding="UTF-8"?>
<jcr:root xmlns:sling="http://sling.apache.org/jcr/sling/1.0" xmlns:cq="http://www.day.com/jcr/cq/1.0" xmlns:jcr="http://www.jcp.org/jcr/1.0" xmlns:mix="http://www.jcp.org/jcr/mix/1.0" xmlns:rep="internal"
    cq:conf="[/libs,/apps,/conf/global]"
    jcr:mixinTypes="[mix:lockable,rep:AccessControllable,sling:Redirect]"
    jcr:primaryType="sling:OrderedFolder"
    sling:resourceType="sling:redirect"
    sling:target="/geohome">
    <catalogs/>
    <campaigns/>
    <dam/>
    <launches/>
    <usergenerated/>
    <rep:policy/>
    <publications/>
    <girlscouts-vtk/>
    <mac/>
    <girlscoutcsa/>
    <gsnetx/>
    <gswcf/>
    <girlscouts-prototype/>
    <gateway/>
    <girlscouts-template/>
    <gssem/>
    <gssjc/>
    <girlscouts-future/>
    <gsctx/>
    <girlscoutsaz/>
    <gswestok/>
    <kansasgirlscouts/>
    <girlscoutsnccp/>
    <girlscoutsnv/>
    <gswo/>
    <gseok/>
    <girlscoutsosw/>
    <gskentuckiana/>
    <girlscouts-dxp/>
    <gssn/>
    <gsneo/>
    <usagso/>
    <girlscoutsofcolorado/>
    <girlscoutstoday/>
    <gsbadgerland/>
    <girlscoutsoc/>
    <gscsnj/>
    <gscnc/>
    <gskentucky/>
    <girlscoutsgcnwi/>
    <sdgirlscouts/>
    <gsutah/>
    <gswpa/>
    <gsnorcal/>
    <gshpa/>
    <girlscoutsatl/>
    <girlscoutsiowa/>
    <gshnj/>
    <gscwm/>
    <bdgsc/>
    <girlscoutshh/>
    <gshg/>
    <vtk-maintenance/>
    <gsusa/>
    <girlscoutssoaz/>
    <test/>
    <citrus-gs/>
    <girlscouts-shared/>
    <gsnypenn/>
    <gsgst/>
    <gs-top/>
    <girlscoutsww/>
    <girlscouts-swtx/>
    <girlscoutshcc/>
    <test3/>
    <girlscoutsesc/>
    <gsle/>
    <girlscoutseasternmass/>
    <gsmw/>
    <webtocase/>
    <jerseyshoregirlscouts/>
    <girlscoutsni/>
    <communities/>
    <sites/>
    <phonegap/>
    <community-components/>
    <forms/>
    <projects/>
</jcr:root>
