{"records":[{"attributes":{"type":"Contact","url":"/services/data/v34.0/sobjects/Contact/003G000001xln8nIAA"},"Id":"003G000001xln8nIAA","Email":"john.adams+99801003@roundcorner.com","Phone":"6105551212","Name":"FinAid003 Test003","rC_Bios__Role__c":"Girl","AccountId":"001G000001b6QTlIAM","rC_Bios__Age__c":17,"Birthdate":"1999-03-03","MailingStreet":"133 Main St","MailingCity":"Juneau","MailingState":"AK","MailingPostalCode":"99801","MailingCountry":"USA","Account":{"attributes":{"type":"Account","url":"/services/data/v34.0/sobjects/Account/001G000001b6QTlIAM"},"Id":"001G000001b6QTlIAM","rC_Bios__Preferred_Contact__c":"003G000001xln8mIAA","rC_Bios__Preferred_Contact__r":{"attributes":{"type":"Contact","url":"/services/data/v34.0/sobjects/Contact/003G000001xln8mIAA"},"Id":"003G000001xln8mIAA","FirstName":"FinAidMom","LastName":"Test003","Email":"john.adams+99801003@roundcorner.com"}}},{"attributes":{"type":"Contact","url":"/services/data/v34.0/sobjects/Contact/003G000001yTQ0wIAG"},"Id":"003G000001yTQ0wIAG","Email":"sharif.shaalan+6645345@gmail.com","Phone":"908-898-8989","Name":"lasttest1 lasttest1","rC_Bios__Role__c":"Girl","AccountId":"001G000001b7CrxIAE","rC_Bios__Age__c":15,"Birthdate":"2000-10-24","MailingStreet":"2695 N 10th Ln","MailingCity":"Phoenix","MailingState":"AZ","MailingPostalCode":"99801","MailingCountry":"USA","Account":{"attributes":{"type":"Account","url":"/services/data/v34.0/sobjects/Account/001G000001b7CrxIAE"},"Id":"001G000001b7CrxIAE","rC_Bios__Preferred_Contact__c":"003G000001yTQ0vIAG","rC_Bios__Preferred_Contact__r":{"attributes":{"type":"Contact","url":"/services/data/v34.0/sobjects/Contact/003G000001yTQ0vIAG"},"Id":"003G000001yTQ0vIAG","FirstName":"lasttest1","LastName":"lasttest1","Email":"sharif.shaalan+6645345@gmail.com"}}},{"attributes":{"type":"Contact","url":"/services/data/v34.0/sobjects/Contact/003G000001yTUL5IAO"},"Id":"003G000001yTUL5IAO","Email":"madhu.gadireddy+30@roundcorner.com","Phone":"0001112222","Name":"TestGrlReg30 MG","rC_Bios__Role__c":"Girl","AccountId":"001G000001b7ElgIAE","rC_Bios__Age__c":11,"Birthdate":"2005-01-01","MailingStreet":"1 Test Street","MailingCity":"Test","MailingState":"PA","MailingPostalCode":"99820","MailingCountry":"USA","Account":{"attributes":{"type":"Account","url":"/services/data/v34.0/sobjects/Account/001G000001b7ElgIAE"},"Id":"001G000001b7ElgIAE","rC_Bios__Preferred_Contact__c":"003G000001yTUL4IAO","rC_Bios__Preferred_Contact__r":{"attributes":{"type":"Contact","url":"/services/data/v34.0/sobjects/Contact/003G000001yTUL4IAO"},"Id":"003G000001yTUL4IAO","FirstName":"TestGrlReg30Mom","LastName":"MG","Email":"madhu.gadireddy+30@roundcorner.com"}}},{"attributes":{"type":"Contact","url":"/services/data/v34.0/sobjects/Contact/003G000001xkBP3IAM"},"Id":"003G000001xkBP3IAM","Email":"john.adams+9980101@roundcorner.com","Phone":"610-555-1212","Name":"Test Timay01","rC_Bios__Role__c":"Girl","AccountId":"001G000001b5cOdIAI","rC_Bios__Age__c":13,"Birthdate":"2003-01-01","MailingStreet":"123 Sesame St","MailingCity":"Auke Bay","MailingState":"AK","MailingPostalCode":"99801","MailingCountry":"USA","Account":{"attributes":{"type":"Account","url":"/services/data/v34.0/sobjects/Account/001G000001b5cOdIAI"},"Id":"001G000001b5cOdIAI","rC_Bios__Preferred_Contact__c":"003G000001xkBP2IAM","rC_Bios__Preferred_Contact__r":{"attributes":{"type":"Contact","url":"/services/data/v34.0/sobjects/Contact/003G000001xkBP2IAM"},"Id":"003G000001xkBP2IAM","FirstName":"Testmoom","LastName":"Timay01","Email":"john.adams+9980101@roundcorner.com"}}},{"attributes":{"type":"Contact","url":"/services/data/v34.0/sobjects/Contact/003G000001xm7onIAA"},"Id":"003G000001xm7onIAA","Email":"sharif.shaalan+45345@gmail.com","Phone":"908-898-8989","Name":"girlfintest5 girlfintest5","rC_Bios__Role__c":"Girl","AccountId":"001G000001b6af4IAA","rC_Bios__Age__c":15,"Birthdate":"2000-10-24","MailingStreet":"26888 6th St","MailingCity":"Jonesboro","MailingState":"LA","MailingPostalCode":"99801","MailingCountry":"USA","Account":{"attributes":{"type":"Account","url":"/services/data/v34.0/sobjects/Account/001G000001b6af4IAA"},"Id":"001G000001b6af4IAA","rC_Bios__Preferred_Contact__c":"003G000001xm7omIAA","rC_Bios__Preferred_Contact__r":{"attributes":{"type":"Contact","url":"/services/data/v34.0/sobjects/Contact/003G000001xm7omIAA"},"Id":"003G000001xm7omIAA","FirstName":"girlfintest5","LastName":"girlfintest5","Email":"sharif.shaalan+45345@gmail.com"}}},{"attributes":{"type":"Contact","url":"/services/data/v34.0/sobjects/Contact/003G000001xkCCyIAM"},"Id":"003G000001xkCCyIAM","Email":"dan.reider+901@roundcorner.com","Phone":"222-333-4444","Name":"girl test","rC_Bios__Role__c":"Girl","AccountId":"001G000001b5cmLIAQ","rC_Bios__Age__c":25,"Birthdate":"1991-01-01","MailingStreet":"48 Old Lancaster Rd\nste 5","MailingCity":"Malvern","MailingState":"PA","MailingPostalCode":"99801","MailingCountry":"USA","Account":{"attributes":{"type":"Account","url":"/services/data/v34.0/sobjects/Account/001G000001b5cmLIAQ"},"Id":"001G000001b5cmLIAQ","rC_Bios__Preferred_Contact__c":"003G000001xkCCxIAM","rC_Bios__Preferred_Contact__r":{"attributes":{"type":"Contact","url":"/services/data/v34.0/sobjects/Contact/003G000001xkCCxIAM"},"Id":"003G000001xkCCxIAM","FirstName":"parent","LastName":"one","Email":"dan.reider+901@roundcorner.com"}}},{"attributes":{"type":"Contact","url":"/services/data/v34.0/sobjects/Contact/003G000001xlh7PIAQ"},"Id":"003G000001xlh7PIAQ","Email":"rfsandboxhelp@gmail.com","Phone":"212-334-5555","Name":"Jerrica Benton","rC_Bios__Role__c":"Girl","AccountId":"001G000001b6MjFIAU","MailingStreet":"19133 Randall Rd","MailingCity":"Juneau","MailingState":"AK","MailingPostalCode":"99801","MailingCountry":"USA","Account":{"attributes":{"type":"Account","url":"/services/data/v34.0/sobjects/Account/001G000001b6MjFIAU"},"Id":"001G000001b6MjFIAU","rC_Bios__Preferred_Contact__c":"003G000001xlh7OIAQ","rC_Bios__Preferred_Contact__r":{"attributes":{"type":"Contact","url":"/services/data/v34.0/sobjects/Contact/003G000001xlh7OIAQ"},"Id":"003G000001xlh7OIAQ","FirstName":"Kimber","LastName":"Benton","Email":"rfsandboxhelp@gmail.com"}}},{"attributes":{"type":"Contact","url":"/services/data/v34.0/sobjects/Contact/003G000001xm5YdIAI"},"Id":"003G000001xm5YdIAI","Email":"siddhant.indra+55901@roundcorner.com","Phone":"55667788","Name":"Test_Girl55901 Test_Girl55901","rC_Bios__Role__c":"Girl","AccountId":"001G000001b6ZVmIAM","rC_Bios__Age__c":1,"Birthdate":"2014-07-28","MailingStreet":"N T 400 St","MailingCity":"Stigler","MailingState":"OK","MailingPostalCode":"99801","MailingCountry":"USA","Account":{"attributes":{"type":"Account","url":"/services/data/v34.0/sobjects/Account/001G000001b6ZVmIAM"},"Id":"001G000001b6ZVmIAM","rC_Bios__Preferred_Contact__c":"003G000001xm5YcIAI","rC_Bios__Preferred_Contact__r":{"attributes":{"type":"Contact","url":"/services/data/v34.0/sobjects/Contact/003G000001xm5YcIAI"},"Id":"003G000001xm5YcIAI","FirstName":"Test_Parent55901","LastName":"Test_Parent55901","Email":"siddhant.indra+55901@roundcorner.com"}}},{"attributes":{"type":"Contact","url":"/services/data/v34.0/sobjects/Contact/003G000001xkDijIAE"},"Id":"003G000001xkDijIAE","Email":"dan.reider+902@roundcorner.com","Phone":"222-333-4444","Name":"girl test","rC_Bios__Role__c":"Girl","AccountId":"001G000001b5dUtIAI","rC_Bios__Age__c":25,"Birthdate":"1991-01-01","MailingStreet":"48 Old Lancaster Rd\nste 5","MailingCity":"Malvern","MailingState":"PA","MailingPostalCode":"99801","MailingCountry":"USA","Account":{"attributes":{"type":"Account","url":"/services/data/v34.0/sobjects/Account/001G000001b5dUtIAI"},"Id":"001G000001b5dUtIAI","rC_Bios__Preferred_Contact__c":"003G000001xkDiiIAE","rC_Bios__Preferred_Contact__r":{"attributes":{"type":"Contact","url":"/services/data/v34.0/sobjects/Contact/003G000001xkDiiIAE"},"Id":"003G000001xkDiiIAE","FirstName":"parent","LastName":"one","Email":"dan.reider+902@roundcorner.com"}}},{"attributes":{"type":"Contact","url":"/services/data/v34.0/sobjects/Contact/003G000001yTr6RIAS"},"Id":"003G000001yTr6RIAS","Email":"madhu.gadireddy+40@roundcorner.com","Phone":"0001112222","Name":"TestGrlReg40 MG","rC_Bios__Role__c":"Girl","AccountId":"001G000001b7MnQIAU","rC_Bios__Age__c":12,"Birthdate":"2004-01-01","MailingStreet":"1 Test Street","MailingCity":"Test","MailingState":"PA","MailingPostalCode":"99820","MailingCountry":"USA","Account":{"attributes":{"type":"Account","url":"/services/data/v34.0/sobjects/Account/001G000001b7MnQIAU"},"Id":"001G000001b7MnQIAU","rC_Bios__Preferred_Contact__c":"003G000001yTr6QIAS","rC_Bios__Preferred_Contact__r":{"attributes":{"type":"Contact","url":"/services/data/v34.0/sobjects/Contact/003G000001yTr6QIAS"},"Id":"003G000001yTr6QIAS","FirstName":"TestGrlReg40Mom","LastName":"MG","Email":"madhu.gadireddy+40@roundcorner.com"}}},{"attributes":{"type":"Contact","url":"/services/data/v34.0/sobjects/Contact/003G000001xkICnIAM"},"Id":"003G000001xkICnIAM","Email":"dan.reider+905@roundcorner.com","Phone":"222-333-4444","Name":"girl test","rC_Bios__Role__c":"Girl","AccountId":"001G000001b5ffsIAA","rC_Bios__Age__c":38,"Birthdate":"1978-01-01","MailingStreet":"48 Old Lancaster Rd\nste 5","MailingCity":"Malvern","MailingState":"PA","MailingPostalCode":"99801","MailingCountry":"USA","Account":{"attributes":{"type":"Account","url":"/services/data/v34.0/sobjects/Account/001G000001b5ffsIAA"},"Id":"001G000001b5ffsIAA","rC_Bios__Preferred_Contact__c":"003G000001xkICmIAM","rC_Bios__Preferred_Contact__r":{"attributes":{"type":"Contact","url":"/services/data/v34.0/sobjects/Contact/003G000001xkICmIAM"},"Id":"003G000001xkICmIAM","FirstName":"parent","LastName":"one","Email":"dan.reider+905@roundcorner.com"}}}]}