[{"attributes":{"type":"Campaign","url":"/services/data/v34.0/sobjects/Campaign/701G0000000uR4mIAE"},"Job_Code__c":"DP","ParentId":"701G0000000uQzUIAU","Id":"701G0000000uR4mIAE","Parent":{"attributes":{"type":"Campaign","url":"/services/data/v34.0/sobjects/Campaign/701G0000000uQzUIAU"},"Id":"701G0000000uQzUIAU","Name":"Troop 999105","Program_Grade_Level__c":"1-Daisy","Council_Code__c":999,"Account__c":"001G000001KKyjiIAD"}},{"attributes":{"type":"Campaign","url":"/services/data/v34.0/sobjects/Campaign/701G0000000uR4hIAE"},"Job_Code__c":"DP","ParentId":"701G0000000uQzTIAU","Id":"701G0000000uR4hIAE","Parent":{"attributes":{"type":"Campaign","url":"/services/data/v34.0/sobjects/Campaign/701G0000000uQzTIAU"},"Id":"701G0000000uQzTIAU","Name":"Troop 999104","Program_Grade_Level__c":"2-Brownie","Council_Code__c":999,"Account__c":"001G000001KKyjiIAD"}},{"attributes":{"type":"Campaign","url":"/services/data/v34.0/sobjects/Campaign/701G0000000uR5GIAU"},"Job_Code__c":"DP","ParentId":"701G0000000uQzaIAE","Id":"701G0000000uR5GIAU","Parent":{"attributes":{"type":"Campaign","url":"/services/data/v34.0/sobjects/Campaign/701G0000000uQzaIAE"},"Id":"701G0000000uQzaIAE","Name":"Troop 999206","Program_Grade_Level__c":"3-Junior","Council_Code__c":999,"Account__c":"001G000001KKyjiIAD"}}]