{"users":[{"attributes":{"type":"User","url":"/services/data/v34.0/sobjects/User/005G0000006oBVGIA2"},"Id":"005G0000006oBVGIA2","isParent__c":false,"ContactId":"003G0000026DGZPIA4","Name":"Vanessa Nat","Email":"rfsandboxhelp@gmail.com","FirstName":"Vanessa","LastName":"Nat","Contact":{"attributes":{"type":"Contact","url":"/services/data/v34.0/sobjects/Contact/003G0000026DGZPIA4"},"Id":"003G0000026DGZPIA4","AccountId":"001G000001hs938IAA","VTK_Admin__c":true,"OwnerId":"005G00000050kIsIAI","Owner":{"attributes":{"type":"User","url":"/services/data/v34.0/sobjects/User/005G00000050kIsIAI"},"Id":"005G00000050kIsIAI","Council_Code__c":999}},"Council_ID__c":"001G000001KKyjiIAD"}],"camps":[]}