{"users":[{"attributes":{"type":"User","url":"/services/data/v34.0/sobjects/User/005G0000007VAAlIAO"},"Id":"005G0000007VAAlIAO","isParent__c":false,"ContactId":"003G000002M8CifIAF","Name":"Vanilla VTKAdmin","Email":"rfsandboxhelp+25@gmail.com","Phone":"(000) 111-2222","FirstName":"Vanilla","LastName":"VTKAdmin","Contact":{"attributes":{"type":"Contact","url":"/services/data/v34.0/sobjects/Contact/003G000002M8CifIAF"},"Id":"003G000002M8CifIAF","AccountId":"001G000001rJ4rFIAS","VTK_Admin__c":true,"OwnerId":"005G0000006oEUUIA2","Owner":{"attributes":{"type":"User","url":"/services/data/v34.0/sobjects/User/005G0000006oEUUIA2"},"Id":"005G0000006oEUUIA2","Council_Code__c":999}},"Council_ID__c":"001G000001KKyjiIAD"}],"camps":[]}