{"users":[{"attributes":{"type":"User","url":"/services/data/v34.0/sobjects/User/005G0000006oGxCIAU"},"Id":"005G0000006oGxCIAU","isParent__c":true,"ContactId":"003G00000237W5LIAU","Name":"Ana Doe","Email":"rfsandboxhelp+6@gmail.com","FirstName":"Ana","LastName":"Doe","Contact":{"attributes":{"type":"Contact","url":"/services/data/v34.0/sobjects/Contact/003G00000237W5LIAU"},"Id":"003G00000237W5LIAU","AccountId":"001G000001fEN1kIAG","VTK_Admin__c":true,"OwnerId":"005G00000050kIsIAI","Owner":{"attributes":{"type":"User","url":"/services/data/v34.0/sobjects/User/005G00000050kIsIAI"},"Id":"005G00000050kIsIAI","Council_Code__c":999}},"Council_ID__c":"001G000001KKyjiIAD"}],"camps":[{"attributes":{"type":"Campaign","url":"/services/data/v34.0/sobjects/Campaign/701G0000000ulWGIAY"},"Id":"701G0000000ulWGIAY","Name":"Troop 999202a","Program_Grade_Level__c":"2-Brownie","Council_Code__c":999,"Account__c":"001G000001KKyjiIAD"},{"attributes":{"type":"Campaign","url":"/services/data/v34.0/sobjects/Campaign/701G0000000ulWCIAY"},"Id":"701G0000000ulWCIAY","Name":"Troop 999103a","Program_Grade_Level__c":"3-Junior","Council_Code__c":999,"Account__c":"001G000001KKyjiIAD"}]}